{
    "root_group": {
        "checks": {
            "status 200": {
                "passes": 1013,
                "fails": 0,
                "name": "status 200",
                "path": "::status 200",
                "id": "fad9fa412b86fcb03bee97c80dcd61f1"
            }
        },
        "name": "",
        "path": "",
        "id": "d41d8cd98f00b204e9800998ecf8427e",
        "groups": {}
    },
    "metrics": {
        "http_req_tls_handshaking": {
            "avg": 0.6808002961500493,
            "min": 0,
            "med": 0,
            "max": 53.0645,
            "p(90)": 0,
            "p(95)": 0
        },
        "http_reqs": {
            "count": 1013,
            "rate": 12.632781224260162
        },
        "checks": {
            "passes": 1013,
            "fails": 0,
            "value": 1
        },
        "http_req_blocked": {
            "avg": 1.2367107601184602,
            "min": 0,
            "med": 0,
            "max": 85.8946,
            "p(90)": 0,
            "p(95)": 0
        },
        "http_req_waiting": {
            "avg": 25.979198519249724,
            "min": 22.8478,
            "med": 25.4107,
            "max": 231.2333,
            "p(90)": 27.947300000000002,
            "p(95)": 28.79712
        },
        "http_req_connecting": {
            "avg": 0.5329730503455083,
            "min": 0,
            "med": 0,
            "max": 24.1465,
            "p(90)": 0,
            "p(95)": 0
        },
        "data_sent": {
            "count": 150880,
            "rate": 1881.5735746459754
        },
        "iterations": {
            "rate": 12.632781224260162,
            "count": 1013
        },
        "http_req_duration": {
            "med": 25.7997,
            "max": 231.7442,
            "p(90)": 28.467660000000002,
            "p(95)": 29.38436,
            "avg": 26.439837611056273,
            "min": 23.277,
            "thresholds": {
                "p(95)<800": false
            }
        },
        "http_req_sending": {
            "avg": 0.03269733464955577,
            "min": 0,
            "med": 0,
            "max": 9.5331,
            "p(90)": 0,
            "p(95)": 0
        },
        "vus_max": {
            "value": 25,
            "min": 25,
            "max": 25
        },
        "http_req_receiving": {
            "max": 10.0866,
            "p(90)": 0.8229200000000017,
            "p(95)": 1.0135999999999998,
            "avg": 0.42794175715695965,
            "min": 0,
            "med": 0.51
        },
        "data_received": {
            "count": 28261760,
            "rate": 352442.8737340048
        },
        "vus": {
            "value": 2,
            "min": 0,
            "max": 25
        },
        "http_req_duration{expected_response:true}": {
            "max": 231.7442,
            "p(90)": 28.467660000000002,
            "p(95)": 29.38436,
            "avg": 26.439837611056273,
            "min": 23.277,
            "med": 25.7997
        },
        "iteration_duration": {
            "min": 1024.0469,
            "med": 1026.4514,
            "max": 1232.1666,
            "p(90)": 1029.53368,
            "p(95)": 1031.35334,
            "avg": 1028.3702754195476
        },
        "http_req_failed": {
            "fails": 1013,
            "passes": 0,
            "thresholds": {
                "rate<0.01": false
            },
            "value": 0
        }
    }
}